I,R,P,O,D,L
Probeatz Electronic Kitchen Digital Weighing Scale Weighing Scale,3.8,₹399,"₹1,249",68% off
"MOOZICO Multi Color Oil Brush - Basting Brush - Silicone Oil Brush - Perfect for BBQ, Grilling, Baking, Cooking, Glazing (Pack of 4) Silicon Flat Pastry Brush",4,₹179,₹399,55% off
AHANA TRADER 1gm to 10kg Electronic Kitchen Weighing Scale (White) Weighing Scale,3.9,₹399,₹599,33% off
Pankhudi Enterprise silicon Round Pastry Brush,4,₹189,₹599,68% off
"Bekner Measuring Cup Spoon Set-8,spatula brush Measuring Cup Set",3.9,₹208,₹499,58% off
buyerchoice Kitchen Scale Balance Multi-purpose weight measuring machine Weighing Scale Weighing Scale,3.9,₹399,₹599,33% off
India Prima Shopee SF400 Weighing Scale,3.9,₹399,₹899,55% off
FLYNGO Portable Electronic Kitchen Weighing Scale with Digital LED Display(0 to 10kg) Weighing Scale,3.4,₹399,₹599,33% off
"Avisa Global Silicone Spatula and Brush Set Cake Mixer, Cooking, Baking, Glazing Silicone Flat Pastry Brush",3.9,₹149,₹249,40% off
"aanya SET-OF-3 PASTRY BRUSHES SILICON Flat Pastry Brush (Pack of 3) silicon, handle material fibre Flat Pastry Brush",3.7,₹130,₹299,56% off
miRim Silicone Non-Stick Spatula and Brush with Plastic Handle Silicon Flat Pastry Brush,3.5,₹109,₹499,78% off
"CherryBox Silicone Spatula and Pastry Brush Set Special for Cake Mixer, Cooking, Baking, Glazing Silicon Flat Pastry Brush",3.9,₹109,₹399,72% off
BUYWELL SF-400 Kitchen Digital Scale 10kg Medicine Weight Electronic Micro-Computer Controlling Weighing Scale,4.2,₹399,₹699,42% off
Pankhudi enterprise Silicon Round Pastry Brush,4.3,₹284,₹699,59% off
NATURALMART Bread Mould,3.7,₹199,"₹1,200",83% off
Jubilant Non Stick Carbon Steel Baking Tray (Black) Bread Mould,3.9,₹199,₹699,71% off
Mohini steels Multi-Purpose Roaster(Barbeque Jali) 1 kg Roaster,3.5,₹185,₹297,37% off
futurestyle Silicon Flat Pastry Brush Silicon Flat Pastry Brush,3.6,₹99,₹499,80% off
Raienterprises Cooling Kitchin Ultra Silicone Flat Pastry Brush (Multicolor) Silicon Flat Pastry Brush,3.9,₹109,₹499,78% off
Pankhudi Enterprise Chocolate Mould,4.1,₹379,₹899,57% off
Uniqueshop Barbeque Jali Roti Roast Grill Papad Roaster Chapati Toast Grill Wooden Handle Paneer Tandoor Net 1 kg Roaster,3.5,₹109,₹294,62% off
"KITIKIN Silicone Flat Pastry Brush Silicone, fibre Flat Pastry Brush",4,₹157,₹299,47% off
Hitsware Chocolate Mould,4.2,₹524,"₹1,149",54% off
Pankhudi Enterprise Chocolate Mould,3.9,₹236,₹699,66% off
"NINGALA ENTERPRISE Combo of Silicone Basting Brush and Spatula. These Products are used for Spreading Butter And Oil on Food. It's silicon blade wont stain. It Does Not Absorb Smell and Specially designed to handle non-stick cookware. This spatula has a acrylic Handle for a Steady Grip and long durability. Silicone Spatula and Pastry Brush Set Is Ideal For Scraping, Basting, Barbecues, Party Pies, Quiches, Tarts, Small Cakes or any Similar Uses. Made From Good Quality Silicone Material, Nonstick, Reusable, Dishwasher Safe. Silicone Flat Pastry Brush",3.7,₹80,₹699,88% off
STARDEEP SILICON Flat Pastry Brush,3.7,₹131,"₹1,059",87% off
ZMR OVERSEAS Measuring Cups And spoon Measuring Cup Set Measuring Cup,4.2,₹142,₹399,64% off
iStuff silicon oil brush Silicon Flat Pastry Brush,3.9,₹94,₹199,52% off
evershinegifts roti jali papad roaster jali paneer tandoor Jali 0.5 kg Roaster,3.9,₹194,₹453,57% off
Pankhudi Enterprise Chocolate Mould,3.9,₹284,₹799,64% off
Krivish Cooking Brush Silicone Flat Pastry Brush,3.8,₹94,₹199,52% off
"Shopelven Electronic Kitchen Digital Weighing Scale, Multipurpose Weighing Scale",4.2,₹399,₹999,60% off
"VARSHA INDOTECH SALES Silicon Oil Cooking Brush for Grilling, Tandoor and BBQ silicone Flat Pastry Brush",3.7,₹99,₹499,80% off
Pankhudi Enterprise silicon Round Pastry Brush,3.8,₹189,₹599,68% off
Pankhudi enterprise Silicon Round Pastry Brush,4,₹284,₹699,59% off
Probeatz Electronic Kitchen Digital Weighing Scale Weighing Scale,3.9,₹399,"₹1,249",68% off
"MOOZICO Multi Color Oil Brush - Basting Brush - Silicone Oil Brush - Perfect for BBQ, Grilling, Baking, Cooking, Glazing (Pack of 4) Silicon Flat Pastry Brush",4,₹179,₹399,55% off
AHANA TRADER 1gm to 10kg Electronic Kitchen Weighing Scale (White) Weighing Scale,3.9,₹399,₹599,33% off
"Bekner Measuring Cup Spoon Set-8,spatula brush Measuring Cup Set",3.9,₹208,₹499,58% off
buyerchoice Kitchen Scale Balance Multi-purpose weight measuring machine Weighing Scale Weighing Scale,3.9,₹399,₹599,33% off
India Prima Shopee SF400 Weighing Scale,3.4,₹399,₹899,55% off
FLYNGO Portable Electronic Kitchen Weighing Scale with Digital LED Display(0 to 10kg) Weighing Scale,3.9,₹399,₹599,33% off
"Avisa Global Silicone Spatula and Brush Set Cake Mixer, Cooking, Baking, Glazing Silicone Flat Pastry Brush",3.7,₹149,₹249,40% off
"aanya SET-OF-3 PASTRY BRUSHES SILICON Flat Pastry Brush (Pack of 3) silicon, handle material fibre Flat Pastry Brush",3.5,₹130,₹299,56% off
miRim Silicone Non-Stick Spatula and Brush with Plastic Handle Silicon Flat Pastry Brush,3.9,₹109,₹499,78% off
"CherryBox Silicone Spatula and Pastry Brush Set Special for Cake Mixer, Cooking, Baking, Glazing Silicon Flat Pastry Brush",4.2,₹109,₹399,72% off
Pankhudi Enterprise Chocolate Mould,4.3,₹379,₹899,57% off
BUYWELL SF-400 Kitchen Digital Scale 10kg Medicine Weight Electronic Micro-Computer Controlling Weighing Scale,3.7,₹399,₹699,42% off
NATURALMART Bread Mould,3.9,₹199,"₹1,200",83% off
Jubilant Non Stick Carbon Steel Baking Tray (Black) Bread Mould,3.5,₹199,₹699,71% off
Mohini steels Multi-Purpose Roaster(Barbeque Jali) 1 kg Roaster,3.6,₹185,₹297,37% off
futurestyle Silicon Flat Pastry Brush Silicon Flat Pastry Brush,3.9,₹99,₹499,80% off
Pankhudi Enterprise Chocolate Mould,4.1,₹236,₹699,66% off
Raienterprises Cooling Kitchin Ultra Silicone Flat Pastry Brush (Multicolor) Silicon Flat Pastry Brush,3.5,₹109,₹499,78% off
Uniqueshop Barbeque Jali Roti Roast Grill Papad Roaster Chapati Toast Grill Wooden Handle Paneer Tandoor Net 1 kg Roaster,4,₹109,₹294,62% off
"KITIKIN Silicone Flat Pastry Brush Silicone, fibre Flat Pastry Brush",4.2,₹157,₹299,47% off
Pankhudi Enterprise Chocolate Mould,3.9,₹284,₹799,64% off
Hitsware Chocolate Mould,3.7,₹524,"₹1,149",54% off
"NINGALA ENTERPRISE Combo of Silicone Basting Brush and Spatula. These Products are used for Spreading Butter And Oil on Food. It's silicon blade wont stain. It Does Not Absorb Smell and Specially designed to handle non-stick cookware. This spatula has a acrylic Handle for a Steady Grip and long durability. Silicone Spatula and Pastry Brush Set Is Ideal For Scraping, Basting, Barbecues, Party Pies, Quiches, Tarts, Small Cakes or any Similar Uses. Made From Good Quality Silicone Material, Nonstick, Reusable, Dishwasher Safe. Silicone Flat Pastry Brush",3.7,₹80,₹699,88% off
STARDEEP SILICON Flat Pastry Brush,4.2,₹131,"₹1,059",87% off
ZMR OVERSEAS Measuring Cups And spoon Measuring Cup Set Measuring Cup,3.9,₹142,₹399,64% off
iStuff silicon oil brush Silicon Flat Pastry Brush,3.9,₹94,₹199,52% off
"Detly Stainless Steel 12 Pieces Cookie Cutter Set | 4 Different Shapes, 3 Sizes with Mould Cake Decorating Tool Cookie Cutter",3.9,₹284,₹799,64% off
evershinegifts roti jali papad roaster jali paneer tandoor Jali 0.5 kg Roaster,3.8,₹194,₹453,57% off
Krivish Cooking Brush Silicone Flat Pastry Brush,4.2,₹94,₹199,52% off
Rozatech Baking Decor Pen,3.6,₹195,₹299,34% off
"JMT Flat Oiling, Buttering Cooking Brush Large Size Silicone Flat Pastry Brush",3.9,₹181,₹655,72% off
Femora Baking Cupcake Muffin Tray Cupcake/Muffin Mould,4.5,₹600,₹599,68% off
Pankhudi Enterprise silicon Round Pastry Brush,3.8,₹189,₹399,71% off
Raienterprises Kitchen Food Grade Heat Resistant Silicone Basting Brush Silicon Flat Pastry Brush,4,₹113,₹999,24% off
FLYNGO Cake Mould,4.2,₹759,₹320,50% off
Kosh Cake Scrapper Baking Comb,4.3,₹159,₹899,71% off
Hitsware Chocolate Mould,3.5,₹255,"₹1,899",78% off
ecstasy Electronic Kitchen DigitaL 10 Kg Weight Measure Liquids Flour Weighing Scale,3.6,₹399,₹699,59% off
Pankhudi enterprise Silicon Round Pastry Brush,4.6,₹284,₹299,63% off
Saikara Collection Kitchen Silicon Oil Tool Silicon Flat Pastry Brush_01 Rubber Flat Pastry Brush,4.7,₹109,₹499,81% off
"ARAV IMPEX COLORFUL-MEASURING-SPOON-021B Measuring Cup Set 250Ml, 6pcs-set Disposable Plastic Measuring Spoon Set",3.7,₹90,₹899,57% off
Femora Baking Decor Pen,3.8,₹450,₹599,77% off
Pankhudi Enterprise Chocolate Mould,3.8,₹379,₹999,60% off
"evershinegifts Stainless Steel Roaster Papad Jali, Pizza, Barbecue Grill 0.5 kg Roaster",3.5,₹133,₹799,50% off
PREMIUM E COMMERCE Electronic Kitchen Digital Weighing Scale 10 Kg Weighing Scale,3.7,₹399,₹499,78% off
"Nika Electronic Kitchen Digital Weighing Scale 10 Kg Weight Measure Liquids Flour,White Weighing Scale",3.7,₹399,₹299,63% off
"Raienterprises Cooling Kitchin Roti Brush Silicone Spatula Brush Set - For Cake Mixer, Decorating, Cooking, Baking, Glazing silicon Flat Pastry Brush (Multicolor) Silicon Flat Pastry Brush",3.7,₹109,₹699,66% off
KANHA CREATION SILICONE Flat Pastry Brush,3.6,₹109,₹299,54% off
Pankhudi Enterprise Chocolate Mould,4.1,₹236,"₹4,999",46% off
"Kreation Silicone Spatula and Pastry Brush Set Special for Cake Mixer, Grilling, Tandoor, Cooking, Baking, Glazing, BBQ, Oil Brush for Cooking Silicon, Oil Brush for Kitchen Use, Set of 1 Silicon Flat Pastry Brush",3.9,₹137,₹151,7% off
RAJA MINI Weighing Scale,3.9,"₹2,659",₹799,64% off
megalink Oil Cooking Baking Silicone Spatula and Pastry Brush Set for Cooking Multicolour silicon Flat Pastry Brush (Pack of 1) silicon Flat Pastry Brush,4.4,₹139,₹499,20% off
Pankhudi Enterprise Chocolate Mould,4,₹284,₹599,79% off
MSQUARE SUPPLIES Cake Mould,4.2,₹396,₹999,60% off
THE JHON BAKER TUBELAR ACRYLIC 1KG Weighing Scale,4,₹122,₹299,62% off
Wishpool Electronic Kitchen Digital Weighing Scale - White Weighing Scale,4.2,₹399,₹299,56% off
Deziine Set of 2 Heat Resistant OIL Basting Silicone Pastry for Grilling Camping Silicon Flat Pastry Brush,3.9,₹112,₹799,64% off
JHTH Roster Papad Roti Stand Charcoal Stainless Steel Grill Roast Grill Stand Charcoal Hand Warmer Rack Stand Round Shape Size 8 Inch 1 kg Roaster,4.2,₹129,₹499,79% off
"Detly Stainless Steel 12 Pieces Cookie Cutter Set | 4 Different Shapes, 3 Sizes with Mould Cake Decorating Tool Cookie Cutter",3.7,₹284,₹249,43% off
"Gareeb Store Silicone Pastry Brush for Cake Mixer, Decorating, Cooking, Baking silicon Flat Pastry Brush",3.6,₹94,₹299,68% off
PRAMUKH Black Measuring Cup Set,3.6,₹89,₹499,82% off
Vigyat Enterprise Silicone Spatula & Pastry Brush Silicone Flat Pastry Brush,4.3,₹78,₹299,73% off
Pankhudi Enterprise silicon Round Pastry Brush,5,₹189,₹599,68% off
Femora Cake Mould,3.8,"₹1,340",₹249,56% off
style revolver Style Revolver Silicone Spatula and Pastry Brush Set for Cake Mixer and other use in kitcen Silicone Flat Pastry Brush,4.2,₹109,₹999,60% off
Shopelven Electronic Kitchen Scale Battery Operated White Weighing Scale,3.9,₹399,"₹1,450",38% off
ladila Cake Mould,3.9,₹898,₹299,50% off
"Careforyou arbeque Jali Roti Roast Grill Papad Roaster Chapati Toast Grill Wooden Handle Paneer Tandoor Net 1 kg Roaster (Silver, Beige) 0.5 kg Roaster",4.5,₹149,₹699,59% off
Pankhudi enterprise Silicon Round Pastry Brush,4.5,₹284,₹399,67% off
Jades SILICONE SPATULA BRUSH Silicone Flat Pastry Brush,4.1,₹130,₹899,44% off
"MAHADEV ENTERPRISE Electronic Digital Weight Scale Kitchen Weight Scale Machine Measure for measuring fruits,Spice,Food,Vegetable And More W-2 (Sf-400) Weighing Scale (White) Weighing Scale",4.3,₹499,₹399,71% off
"Amore Oil Cooking Brush for Grilling, Tandoor and BBQ Silicone Material Flat Pastry Brush",4.1,₹113,₹899,57% off
Pankhudi Enterprise Chocolate Mould,3.6,₹379,₹699,42% off
Swarish Multi-Purpose Digital Kitchen Weighing Scale,4,₹399,₹599,43% off
MSQUARE SUPPLIES Cupcake/Muffin Mould,4.1,₹596,"₹1,499",63% off
"SWHF Pure Mango Wooden Cheese ,Pizza Serving Pizza Tray",3.8,₹854,₹299,78% off
KitchenFest SILICONE KITCHEN COOKING BRUSH FOR APPLYING BUTTER / OIL Silicone Flat Pastry Brush,4,₹109,₹999,66% off
URBAN AMOR Chocolate Mould,4,₹217,₹699,80% off
Pankhudi Enterprise Chocolate Mould,3.6,₹236,₹499,1% off
PRAMUKH measuring cup green Measuring Cup Set,3.8,₹99,₹299,80% off
THE JHON BAKER Cupcake/Muffin Mould,3.9,₹296,₹499,64% off
PRAMUKH Green Measuring Cup Set,4,₹99,₹799,60% off
Femora Carbon Steel ILAG Coating Baking Dish - 1.6 L - Set of 1 Baking Dish,4.3,₹450,₹499,64% off
THE JHON BAKER Fondant & Gum paste Mould,4.3,₹179,₹199,50% off
Paybox Silicon 100% Food grade Flat Pastry Brush(pack of 1) Silicon Flat Pastry Brush,4.2,₹99,₹599,68% off
Pankhudi Enterprise silicon Round Pastry Brush,3.7,₹189,₹599,70% off
Chefstatr Baking Measurement Measuring Cups And Spoons Set 8 Pcs Measuring Cup,3.9,₹177,₹149,36% off
megalink Oil Cooking Pastry Brush Set for Cooking Multicolour silicon Flat Pastry Brush (Pack of 1) silicon Flat Pastry Brush,3.9,₹94,₹499,54% off
THE JHON BAKER Cake Mould,4,₹229,₹199,43% off
"Paybox Silicone Spatula and Pastry Brush Set Special for Cake Mixer, Cooking, Baking, Glazing - Set of 1 (Multicolor) Silicon Flat Pastry Brush",3.7,₹113,₹299,10% off
TRYTOOK Cake Mould,3.7,₹269,₹699,59% off
Pankhudi enterprise Silicon Round Pastry Brush,3.9,₹284,₹299,62% off
Raienterprises Brush Kitchen Tool Cooking Utensil silicone brush Silicon Flat Pastry Brush,4.3,₹112,₹399,64% off
"KitchenFest Silicone Bating Brush for Cooking, Baking,Cake Mixer, Glazing and Barbecue Silicone Flat Pastry Brush",3.8,₹141,₹229,52% off
Kozycare Silicone Basting Spatula And Brush Kitchen Oil Cooking Baking plastic Silicone Flat Pastry Brush,3.9,₹109,₹899,57% off
Pankhudi Enterprise Chocolate Mould,3.7,₹379,₹999,60% off
Verity SF400 Weighing Scale,4.3,₹399,₹599,26% off
Nilzone Silicone Brush Baking Tools Glass Oil Pot Brush Heat Resisting Kitchen Tool Grill Oil Bottle Brushes Roast Meat Silicone Round Pastry Brush,4,₹441,₹699,14% off
Pitambara Premium Quality Electronic Compact Kitchen Scale Weighing Scale,4.2,₹599,₹252,70% off
kasodariya enterprise Plastic Flat Pastry Brush,3.7,₹74,₹595,66% off
AADCART Measuring Cups And spoon Measuring Cup Set,4.8,₹200,₹699,66% off
Pankhudi Enterprise Chocolate Mould,3.8,₹236,₹249,60% off
REVOLUTION Revolution Brush/Flat Pastry Brush/Non-Stick Cooking & Baking Flat Pastry Brush Oil Brush Kitchen Silicon Oil Tool Silicon Silicon Flat Pastry Brush,3.9,₹99,₹499,69% off
Detly Food Grade Silicon Ice Chocolate Jelly Cake Making Mould Tray For Kitchen Bakeware 15 Slots Star Shape Random Designe Chocolate Mould,5,₹236,₹799,70% off
Darkline Measuring Cup 8 Pieces Measuring Cup Set,4.3,₹200,₹298,32% off
Detly Chocolate Mould,4,₹331,₹799,58% off
Pankhudi Enterprise silicon Round Pastry Brush,3.5,₹189,₹599,68% off
THE JHON BAKER Cupcake/Muffin Mould,3.2,₹315,₹799,60% off
KitchenFest Non-Stick Cooking & Baking Flat Pastry Brush Oil Brush Kitchen Silicon Oil Tool Kitchen Tool Set Silicone Flat Pastry Brush,4.2,₹156,₹399,60% off
deepak Silicon Oil o Silicon Flat Pastry Brush,3.5,₹157,₹299,47% off
Saikara Collection Brush/Flat Pastry Brush/Non-Oil Tool Silicon Flat Pastry Brush_01 Rubber Flat Pastry Brush,4.1,₹109,₹299,63% off
Harsh Impex HIMC01 Measuring Cup Set,3.6,₹200,₹591,66% off
Pankhudi enterprise Silicon Round Pastry Brush,4.4,₹284,₹699,59% off
"Primelife 8Pcs Black Measuring Cups and Spoons Set, Silicone Series Spatula and Brush Set Measuring Cup Set",3.5,₹171,₹699,75% off
Crystalia SILICONE Flat Pastry Brush,4.9,₹175,₹499,64% off
Detly Chocolate Mould,4.3,₹421,₹999,57% off
Pankhudi Enterprise Chocolate Mould,4,₹379,₹899,57% off
"Dhriyag Pack of 2 Stainless Steel Round Shape Roaster Grill for Gas | Stainless Steel Jali Roti, Roast Grill Papad, Roaster Paneer Tandoor Net, (Diameter-24 cm & 20cm Silver) 1 kg Roaster",4.1,₹239,"₹1,299",81% off
Rozatech Bread Mould,4.7,₹331,₹599,44% off
S Satisfyshop Baking Smoother & Polisher,4,₹158,₹999,84% off
"KitchenFest Premium Silicone Cake Pastry Bread Brush - For Cake Mixer, Decorating, Cooking, Baking, Glazing Silicone Flat Pastry Brush",3.8,₹151,₹399,62% off
MDV Cake Mould,3.5,₹331,₹799,58% off
"BORYS Silicone Spatula and Pastry Brush Set for Cake, Mixer, Decorating, Cooking, Baking SILICONE Flat Pastry Brush",4.1,₹141,₹399,64% off
Pankhudi Enterprise silicon Round Pastry Brush,4.3,₹189,₹599,68% off
MDV Cake Mould,3,₹426,₹899,52% off
THE JHON BAKER Plastic Measuring Spoon Set,4.3,₹115,₹499,76% off
Rhonnium ™Adjustable Eight-scale Measuring Spoon -524 Porcelain Measuring Spoon,3.3,₹242,₹699,65% off
RIDDHI SIDDHI DIGITAL WEIGHT SCALE ( 50 KG) Weighing Scale,4,₹448,₹499,10% off
Horizon Homage AA39Colourful Cooking Baking Nested to Save Space Measuring Cups and Spoons 6 Piece Set Measuring Cup Set,3.6,₹111,₹999,88% off
Pankhudi enterprise Silicon Round Pastry Brush,3.8,₹284,₹699,59% off
Bekner Oil Cooking Baking Silicone Spatula and Pastry Brush Set for Cooking Multicolor silicon Flat Pastry Brush-002 silicone Flat Pastry Brush,4.6,₹147,₹449,67% off
KitchenFest High Quality Cooking Non-Stick Silicone Flat Pastry Brush,3.5,₹141,₹399,64% off
"futurestyle Silicone Spatula And Pastry Brush Set - For Cake Mixer, Decorating, Cooking, Baking, Glazing silicon Flat Pastry Brush Silicon Flat Pastry Brush",3.3,₹109,₹499,78% off
Pankhudi Enterprise Chocolate Mould,4.2,₹379,₹899,57% off
"vastly Silicon Spatula and Pastry Brush Set Special for Cake Mixer, Cooking, Baking, Glazing Silicon Flat Pastry Brush",4.3,₹165,₹399,58% off
MobFest Silicon Flat Pastry Brush Silicon Oil Cooking Brush Spatula and Pastry Brush Set for Cake Mixer Decorating Cooking Baking and Glazing Silicone Flat Pastry Brush,3.5,₹156,₹399,60% off
Tolo 10kg X 1g Electronic Kitchen scale Weighing Scale,3.8,₹399,₹999,60% off
THE JHON BAKER 20 cm Cake Cake Stand,4,"₹1,129","₹1,799",37% off
goldcave silicon Flat Pastry Brush,3.9,₹99,₹299,66% off
Nilkanth Knitting Silicone Flat Pastry Brush,3.8,₹219,₹999,78% off
Jazam 10kg Electronic Digital Kitchen Weighing Scale SF401 Weighing Scale,3.9,₹399,"₹1,599",75% off
Pankhudi Enterprise silicon Round Pastry Brush,3.9,₹189,₹599,68% off
Femora Silicone Premium Slotted Spoon With Red Silicone Grip Handle Disposable Silicone Measuring Spoon Set,3.7,₹475,₹799,46% off
Rozatech Cake Mould,3.5,₹431,₹999,50% off
"VICHARAN Digital Weight Scale Machine with LCD Screen for Measuring Fruits, Spice, Food, Vegetable Weighing Scale",3.8,₹499,₹999,60% off
Jazam 10kg Electronic Digital Kitchen Weighing Scale SF400 Weighing Scale,3.8,₹399,₹999,60% off
Click2buy Electronic Kitchen Digital Weighing Scale 10 Kg / igital Kitchen Scale Electronic Digital Kitchen Weighing Scale 10 Kgs Weighing Scale Weighing Scale,2,₹399,₹699,59% off
Pankhudi enterprise Silicon Round Pastry Brush,3.9,₹284,₹999,60% off
ZENBUX Electronic Kitchen Weighing Scale Weighing Scale,4.7,₹399,₹799,78% off
THE JHON BAKER Chocolate Mould,3.8,₹175,₹599,33% off
"Spartan Electronic Kitchen Digital Weighing Scale, Multipurpose, White, 10 Kg Weighing Scale",4.3,₹399,₹899,57% off
PBBN 8 Pcs Measuring Cup Measuring Cup Set,3.8,₹144,₹299,51% off
KitchenFest Silicone Flat Pastry Brush,3.5,₹156,₹399,60% off
Ketsaal Silicone Flat Pastry Brush,3.9,₹112,₹399,71% off
Pankhudi Enterprise silicon Round Pastry Brush,3.8,₹189,₹599,68% off
shanol Digital Thermometer Thermo Safe Thermometer (White)#JustHere Instant Read Thermocouple Kitchen Thermometer,1,"₹1,529","₹1,999",23% off
KitchenFest Silicone Flat Pastry Brush,3.5,₹141,₹499,71% off
KitchenFest bakeryware Pastry Tool Brush with silicon Silicon Flat Pastry Brush Silicone Flat Pastry Brush,2,₹113,₹299,62% off
Hitsware Chocolate Mould,3.9,₹179,₹399,55% off
Shopo Electronic Kitchen Food Baking Weighing Scale,4,₹399,₹699,42% off
Hitsware Silicon Round Pastry Brush,3.7,₹174,₹399,56% off
Zoyrow Cooking Brushess Silicon Flat Pastry Brush ( pack of 2) Silicon Flat Pastry Brush,3.5,₹113,₹499,77% off
USTraders Silicone 8.5-inch Brush for Cooking Plastic Flat Pastry Brush,3.6,₹112,₹999,88% off
Pankhudi Enterprise silicon Round Pastry Brush,4,₹189,₹599,68% off
futurestyle x Cooking Non-Stick Flat Pastry Brush Silicon Flat Pastry Brush,3.7,₹109,₹359,69% off
KitchenFest Ultra Silicone Flat Pastry Brush,4.3,₹109,₹299,63% off
"divinezon measuring cups and spoons set, 8 pieces Measuring Cup Set",3.8,₹145,₹499,70% off
pankhudi enterprise Chocolate Mould,4.3,₹474,₹999,52% off
PRAMUKH Spatula and Brush Plastic Flat Pastry Brush,3.8,₹99,₹499,80% off
Pankhudi enterprise Silicon Round Pastry Brush,3.1,₹284,₹699,59% off
futurestyle non-stick 2 brushes silicon Flat Pastry Brush (Pack of 2) Silicon Flat Pastry Brush,4.2,₹156,₹499,68% off
TRYTOOK Cake Mould,4,₹221,₹395,44% off
KitchenFest Silicon Oil Brush/Non-Stick Cooking & Baking Flat Pastry Brush Oil Brush Silicone Flat Pastry Brush,3.8,₹156,₹399,60% off
Saikara Collection Brush/Flat Pastry Brush/Non-Stick Spatula Cooking Rubber Flat Pastry Brush,4.1,₹109,₹299,63% off
Raienterprises silicone bakeware pastry brush of baking tools Silicon Flat Pastry Brush,3.8,₹94,₹299,68% off
Pankhudi Enterprise Chocolate Mould,3.7,₹379,₹899,57% off
"MOSMOSS 8Pcs Measuring Cup and Spoon Set Multi Purpose Kitchen Tool, Measuring Cups for Kitchen (make in INDIA) Measuring Cup Set",3.8,₹195,₹799,75% off
Rozatech Measuring Spoon-025896 Measuring Cup Set,3.7,₹188,₹279,32% off
Kitchen India ™ SF400 1g-10kg Chef-Mate Kitchen Scale Q5 Weighing Scale,4,₹441,₹761,42% off
Bizool Enterprise easurement Measuring Cups And Spoons Set 8 Pc Disposable Plastic Measuring Spoon Set (Pack of 8) Measuring Cup Set,3.2,₹184,₹500,63% off
JB Collection Tart/Pie Mould,3.7,"₹1,615","₹1,620",72% off
"CSK CREATION 8pc Measuring Cups and Spoons Set - A Must Kitchen Essential (8 pc Measuring Spoon and Cups for Baking) (Black) Measuring Cup Set (240 ml, 120 ml, 60 ml, 30 ml, 10 ml, 5 ml, 2.5 ml, 1.2 ml) Measuring Cup Set",3.5,₹166,₹599,68% off
Pankhudi Enterprise silicon Round Pastry Brush,3.4,₹189,₹599,62% off
Hitsware 8Pcs Measuring Cup Plastic Measuring Spoon Set,3.5,₹151,₹400,73% off
craftsEra Digital Weighing Machine Weighing Scale (Cream) Weighing Scale,5,₹399,"₹1,499",76% off
"London paree New Multipurpose 8-Piece Set 4 Measuring Cups and 4 Measuring Spoons for Baking, Measuring Cups for Kitchen, Cake Baking Accessories - Black Measuring Cup Set Measuring Cup Set",3.4,₹184,₹799,58% off
MSQUARE SUPPLIES Cake Mould,4.7,₹459,"₹1,099",60% off
"ABLIQUES 8 PCs Measuring Cup & Spoons for Baking, Cooking,Cake Kitchen Measuring Spoon (Black) Measuring Cup Set",4.3,₹190,₹399,52% off
"YOGI DARSHAN Measurement Measuring Cups And Spoons Set, 8 PcS Plastic Measuring Spoon Set (Pack of 8) Measuring Cup Set",3.4,₹180,₹499,63% off
"RECTITUDE 8pcs Measuring Cup and Spoon Set, Black (8 Cup) Measuring Cup Set",4,₹191,₹499,61% off
Pankhudi Enterprise silicon Round Pastry Brush,2.9,₹189,₹599,68% off
ZINKU ENTERPRISE 8-PIC-SPOON-SET Measuring Cup Set,3.6,₹199,₹699,71% off
Infinity Tradelink Silicon Round Pastry Brush,3.4,₹426,₹899,52% off
Detly Chocolate Mould,4.3,₹331,₹899,63% off
Wonder World ®XXI - 27 - 8Pcs Measuring Cups and Spoons Set Measuring Cup Set,3.7,₹195,₹599,67% off
PIXSHOW 8 pc spoon set Measuring Cup Set,3.7,₹195,₹799,75% off
KOKIWOOWOO Measuring Cup Set 8 Pcs Measuring Cup Set,4,₹172,₹499,65% off
Pankhudi Enterprise silicon Round Pastry Brush,3.7,₹189,₹599,68% off
SMART KITCHENWARE Measurement Cup Green AS Measuring Cup Set,3.5,₹103,₹549,81% off
"LUDDITE Premium Quality Set of Silicone Oil Brush & Spatula for Cooking, Baking Kitchen Tool Set silicone Flat Pastry Brush",4.7,₹149,₹299,50% off
"GrilFil Measuring Cup Measuring Cup and Spoon Set , Green- Measuring Cup Set 8 Measuring Cup Set",4.3,₹199,₹499,60% off
Pankhudi Enterprise silicon Round Pastry Brush,3.9,₹189,₹599,68% off
"DRAKE Baking Measurement Measuring Cups And Spoons Set 8 Pcs,Black Measuring Cup Set",2.7,₹176,₹499,64% off
KitchenFest Silicone Flat Pastry Brush,3.3,₹137,₹399,65% off
Pitambara Multi-Purpose Roaster 1 kg Roaster,4.3,₹209,₹499,58% off
Kudos Baking Measurement Measuring Cups and Spoons Set - 8 Pieces Set Measuring Cup Set,3.7,₹125,₹999,87% off
Hervee Silicon Round Pastry Brush,4.5,₹170,₹599,71% off
Pankhudi enterprise Silicon Round Pastry Brush,3.8,₹284,₹699,59% off
Kudos Measuring Cups And Spoons Set 8 pcs Measuring Cup Set,3.9,₹145,₹836,82% off
Qtsy Measuring Cup-8 Measuring Cup Set,4.4,₹249,₹799,68% off
Mundal Cookie/Macroon tray,3,₹224,₹399,43% off
sai enterprise sai enterprise Flat Pastry Brush/Non-Stick Cooking & Baking Flat Pastry Brush Oil Brush Kitchen Silicon Oil Tool Silicon Flat Pastry Brush Silicon Flat Pastry Brush (Pack of 1) plastic Flat Pastry Brush,3.2,₹164,₹399,58% off
Pankhudi Enterprise silicon Round Pastry Brush,3,₹189,₹599,68% off
"Cuttingedge Muffin Moulds, Cup Cake Mould, Reusable & Non-stick, Microwave Safe, Dishwasher Safe, Yellow Cupcake/Muffin Mould",5,₹145,₹225,35% off
Mundal Cookie Cutter,3.9,₹149,₹699,78% off
Dhuli Chocolate Mould,3.7,₹307,₹399,23% off
JATrading Measuring Cups and Spoons Baking Kitchen Tools Teaspoon Rainbow Colors (6 Pcs) Measuring Cup Set,3.9,₹74,₹250,70% off
Femora Baking Non-Stick Coated Black Loaf Pan Baking Comb,3.7,₹450,₹699,59% off
Pankhudi enterprise Silicon Round Pastry Brush,3.3,₹284,₹699,69% off
THE JHON BAKER Baking Decor Pen,3.3,₹212,₹599,67% off
WONDER WORLD ™IXI - 39 - Measuring Cups and Spoons Set 8 Pcs Measuring Cup Set,3.8,₹195,"₹1,999",80% off
THE JHON BAKER 16 cm Cake Pillar,3.9,₹211,₹499,57% off
KitchenFest Silicone Flat Pastry Brush,3.9,₹137,₹399,65% off
FASTZONE ENTERPRISE Measuring Cups and Spoons Set - A Must Kitchen Essential (8 Pieces Set) Disposable Plastic Measuring Spoon,3.4,₹178,₹499,64% off
Pankhudi Enterprise silicon Round Pastry Brush,4,₹189,₹599,68% off
THE JHON BAKER Fondant Tool Kit,4.1,₹249,₹499,50% off
E-DEAL 10 kg Electronic Weighing Scale,3.4,₹399,₹599,33% off
THE JHON BAKER Cake Top Stencil,3.1,₹349,₹999,65% off
MAURYA Electronic Kitchen Digital Weighing Scale Weighing Scale,3.2,₹399,"₹1,249",68% off
"Rhonnium ™Measuring Spoon Adjustable,Double Sided Metering Spoon-522 Plastic Measuring Spoon",4,₹242,₹699,65% off
Bluwings Electronic 10Kg Weight Kitchen Digital Weighing Scale Weighing Scale,3.8,₹399,₹699,42% off
THE JHON BAKER Cake Topper,3.1,₹164,₹799,79% off
Dhuli Cake Mould,3.1,₹452,₹499,9% off
Pankhudi Enterprise silicon Round Pastry Brush,3.1,₹189,₹599,68% off
Stuti Cake Mould,3.2,"₹1,189","₹1,899",37% off
USTraders Silicone 8.5-inch Brush for Cooking Plastic Flat Pastry Brush,2.7,₹112,₹899,87% off
Stuti Cupcake/Muffin Mould,3.6,₹349,"₹1,399",75% off
Femora Cake Mould,3,₹670,₹599,81% off
