S,l,N,o,.,|,i,t,e,m,N,a,m,e,|,r,a,t,i,n,g,|,p,r,i,c,e,|,o,l,d,P,r,i,c,e,|,d,i,s,c,o,u,n,t
Zebronics ZEB-Thunder(Black) Bluetooth Headset,4,₹819,"₹1,199",31% off
Zebronics ZEB-THUNDER Bluetooth Headset,4,₹827,"₹1,199",31% off
Zebronics FAME 2.0 channel 2.5 W Laptop/Desktop Speaker,4.1,₹659,₹799,17% off
MAXOBULL Ear Earphone With Mic rock ep-237 Wired Headset,3.8,₹339,"₹1,399",75% off
CRICSHOW 730 bt Bluetooth Headset,5,₹359,"₹1,499",76% off
I Kall IK401 BT 60 W Bluetooth Home Theatre,3.7,"₹1,799","₹2,999",40% off
Zebronics ZEB-SYMPHONY Bluetooth Headset,3.8,₹809,"₹1,199",32% off
Zebronics ZEB-WARRIOR 10 W Laptop/Desktop Speaker,4.2,₹789,₹999,21% off
Glink P47 Wireless Headphone Bluetooth Headset with Mic Bluetooth Headset,4.2,₹629,"₹1,199",47% off
Zebronics ZEB-WARRIOR 10 W Laptop/Desktop Speaker,4.2,₹733,₹999,26% off
I Kall K22 40 W Bluetooth Home Theatre,3.7,"₹1,499","₹2,499",40% off
Zytel Edge 5.1 Bluetooth Home Theatre,3.9,"₹1,791","₹3,999",55% off
Mytrack MT1353TWS Bluetooth Headset,3.7,₹999,"₹3,995",74% off
Maxobull flypods Super grey bluetooth headphone ipx 5.0 wireless earbuds Bluetooth Headset,3.6,"₹1,299","₹4,999",74% off
YOMAGIC Wireless Bluetooth Headset ( MGNT+K-1 BLK BT ) Bluetooth Headset,3.9,₹339,"₹1,499",77% off
"DICSOO Buds Wireless review: Good sound Built-in magnets rich sound, Bluetooth Headset",3.4,₹379,"₹1,999",81% off
ATARC G-113 Premium Shockproof & Bluetooth Speaker C1 10 W Bluetooth  Speaker,3.9,₹537,"₹1,999",73% off
DICSOO Bluetooth Headset Super Extra Bass High quality sound Bluetooth Headset,3.2,₹379,"₹1,499",74% off
Hammer Airflow Blue Bluetooth Headset,4.1,"₹1,399","₹6,495",78% off
"MAXOBULL in-Ear Headphones, Wired Earbuds rock ep-318 Wired Headset",4.6,₹399,₹699,42% off
Hammer Airflow Truly Wireless Earbuds Bluetooth Headset,3.9,"₹1,399","₹9,995",86% off
QOR9 WAVEBASS Bluetooth Headset,3.8,"₹1,899","₹2,999",36% off
I Kall IK201 BT 40 W Bluetooth Laptop/Desktop Speaker,3.6,"₹1,499","₹2,499",40% off
MAXOBULL Leather TPU Wire Unbrekable Wired Bluetooth headphone bt-24 Wired Headset without Mic,3.7,₹511,"₹1,699",69% off
Deparq VI_VO Y30 / U10 / U20 / V17 Wired Headset Wired Headset,3.6,₹299,₹999,70% off
ATARC Tuch lamp portable bluetooth speaker C5 15 W Bluetooth  Speaker,4,₹543,"₹1,999",72% off
Deparq Op_po A53 / A9 / A52 / A5 / A5s / A31 / A9 / A12 Wired Headset,3.8,₹299,₹999,70% off
Zebronics ZEB-FAME 5 W Laptop/Desktop Speaker,4.1,₹626,₹799,21% off
Zebronics ZEB-COROLLA Wired Headset,3.6,₹269,₹399,32% off
Obin HS-01 Super Bass Premium Wired Headset,4.1,₹599,"₹1,499",60% off
Vinimox SH-12 wireless/ Bluetooth Headphone With FM and SD Card Slot with music and calling controls .(BLACK) Bluetooth Headset without Mic,4.3,₹574,"₹1,699",66% off
CRICSHOW HBS-730 Bluetooth Headset,3.7,₹349,"₹1,499",76% off
YOMAGIC MEGNT+K1 BT Wireless Bluetooth Headset (Multicolor) Bluetooth Headset,3.9,₹337,"₹1,498",77% off
Deparq R_ealme Narzo 20 / 10 A / 10 / C11 / C12 / C15 Wired Headset,3.1,₹276,₹999,72% off
YOMAGIC Magic Gift-MGNT PO2 BLK Bluetooth Headset,5,₹341,"₹1,999",82% off
Deparq Vivo U20 / Y20 / S1 Pro / V17 / V19 / Y50 Wired Headset,3.9,₹299,₹999,70% off
Vali sport earphone Neckband Wireless With Mic Headphones Bluetooth Headset,3.4,₹940,"₹1,599",41% off
KRISONS 2.1 Nexon Bluetooth Laptop/Desktop Speaker,4.1,"₹1,611","₹2,990",46% off
MAXOBULL Ear Earphone With Mic rock ep-237 Wired Headset,3.8,₹339,"₹1,399",75% off
Maxobull flypods Super grey bluetooth headphone ipx 5.0 wireless earbuds Bluetooth Headset,3.7,"₹1,299","₹4,999",74% off
Zebronics ZEB-Thunder(Black) Bluetooth Headset,4,₹819,"₹1,199",31% off
Zebronics ZEB-THUNDER Bluetooth Headset,4,₹827,"₹1,199",31% off
Zebronics FAME 2.0 channel 2.5 W Laptop/Desktop Speaker,4.1,₹659,₹799,17% off
CRICSHOW 730 bt Bluetooth Headset,5,₹359,"₹1,499",76% off
I Kall IK401 BT 60 W Bluetooth Home Theatre,3.7,"₹1,799","₹2,999",40% off
Zebronics ZEB-SYMPHONY Bluetooth Headset,3.8,₹809,"₹1,199",32% off
Zebronics ZEB-WARRIOR 10 W Laptop/Desktop Speaker,4.2,₹789,₹999,21% off
Glink P47 Wireless Headphone Bluetooth Headset with Mic Bluetooth Headset,4.2,₹629,"₹1,199",47% off
Zebronics ZEB-WARRIOR 10 W Laptop/Desktop Speaker,4.2,₹733,₹999,26% off
I Kall K22 40 W Bluetooth Home Theatre,3.7,"₹1,499","₹2,499",40% off
Zytel Edge 5.1 Bluetooth Home Theatre,3.9,"₹1,791","₹3,999",55% off
"MAXOBULL in-Ear Headphones, Wired Earbuds rock ep-318 Wired Headset",4.7,₹399,₹699,42% off
Mytrack MT1353TWS Bluetooth Headset,3.7,₹999,"₹3,995",74% off
YOMAGIC Wireless Bluetooth Headset ( MGNT+K-1 BLK BT ) Bluetooth Headset,4,₹339,"₹1,499",77% off
"DICSOO Buds Wireless review: Good sound Built-in magnets rich sound, Bluetooth Headset",3.2,₹379,"₹1,999",81% off
ATARC G-113 Premium Shockproof & Bluetooth Speaker C1 10 W Bluetooth  Speaker,3.9,₹537,"₹1,999",73% off
Hammer Airflow Blue Bluetooth Headset,4.1,"₹1,399","₹6,495",78% off
MAXOBULL Leather TPU Wire Unbrekable Wired Bluetooth headphone bt-24 Wired Headset without Mic,3.7,₹511,"₹1,699",69% off
DICSOO Bluetooth Headset Super Extra Bass High quality sound Bluetooth Headset,3.3,₹379,"₹1,499",74% off
Hammer Airflow Truly Wireless Earbuds Bluetooth Headset,3.8,"₹1,399","₹9,995",86% off
QOR9 WAVEBASS Bluetooth Headset,3.8,"₹1,899","₹2,999",36% off
I Kall IK201 BT 40 W Bluetooth Laptop/Desktop Speaker,3.6,"₹1,499","₹2,499",40% off
Deparq VI_VO Y30 / U10 / U20 / V17 Wired Headset Wired Headset,3.6,₹299,₹999,70% off
ATARC Tuch lamp portable bluetooth speaker C5 15 W Bluetooth  Speaker,3.9,₹543,"₹1,999",72% off
Deparq Op_po A53 / A9 / A52 / A5 / A5s / A31 / A9 / A12 Wired Headset,3.8,₹299,₹999,70% off
Zebronics ZEB-FAME 5 W Laptop/Desktop Speaker,4.1,₹626,₹799,21% off
Zebronics ZEB-COROLLA Wired Headset,3.6,₹269,₹399,32% off
Obin HS-01 Super Bass Premium Wired Headset,4.1,₹599,"₹1,499",60% off
Vinimox SH-12 wireless/ Bluetooth Headphone With FM and SD Card Slot with music and calling controls .(BLACK) Bluetooth Headset without Mic,4.3,₹574,"₹1,699",66% off
Deparq Vivo U20 / Y20 / S1 Pro / V17 / V19 / Y50 Wired Headset,5,₹299,₹999,70% off
YOMAGIC MEGNT+K1 BT Wireless Bluetooth Headset (Multicolor) Bluetooth Headset,3.7,₹337,"₹1,498",77% off
Deparq R_ealme Narzo 20 / 10 A / 10 / C11 / C12 / C15 Wired Headset,3.9,₹276,₹999,72% off
YOMAGIC Magic Gift-MGNT PO2 BLK Bluetooth Headset,3.1,₹341,"₹1,999",82% off
CRICSHOW HBS-730 Bluetooth Headset,3.9,₹349,"₹1,499",76% off
Vali sport earphone Neckband Wireless With Mic Headphones Bluetooth Headset,3.4,₹940,"₹1,599",41% off
KRISONS 2.1 Nexon Bluetooth Laptop/Desktop Speaker,4,"₹1,611","₹2,990",46% off
GLINK P47 Wireless Headphone Bluetooth Headset with Mic (Red) Bluetooth Headset,4.1,₹619,"₹1,199",48% off
Vali bluetooth headset sport Neckband Wireless With Mic Headphones Bluetooth Headset without Mic,3.8,₹877,"₹1,099",20% off
MAXOBULL Ear Earphone With Mic rock ep-237 Wired Headset,3.7,₹339,"₹1,399",75% off
Mytrack MT1353TWS Bluetooth Headset,4.8,₹999,"₹3,995",74% off
"CRICSHOW Buy 1 Get 1 Free Ap Note 8,A9,J2 Core,J6 Mobile Connected Wired Headset",3.5,₹299,₹999,70% off
ATARC Best Earphone For PUBG game. Wired Headset,3.7,₹207,₹999,79% off
CRICSHOW Buy 1 get 1 free Original High Bass For J2/S10/On8/A3 Oppo Wired Headset,4.3,₹299,₹999,70% off
maxobull BT06 in Ear Bluetooth 5.0 Black Headphones with Mic Earphone Bluetooth Headset,4.1,₹498,"₹1,599",68% off
Zebronics Pebble2 Laptop/Desktop Speaker,3.6,₹629,₹700,10% off
Maxobull flypods Super grey bluetooth headphone ipx 5.0 wireless earbuds Bluetooth Headset,3.9,"₹1,299","₹4,999",74% off
ATARC Waterproof Bluetooth Speaker with Party Boost 15 W Bluetooth  Speaker,4,₹413,"₹1,999",79% off
Thomson BBX- 01 Youth Machine 10 W Bluetooth Party Speaker,3.7,"₹1,999","₹3,490",42% off
Deparq Re_alme Narzo 20 Pro / Narzo 20 / Narzo 20A / 6i / 7Pro Wired Headset,4.1,₹299,₹999,70% off
Maxobull LittleFun Deep Bass Dual EQ Bluetooth 5.0 Wireless Portable Speaker (Glossy Black) 3 W Bluetooth Home Theatre,2.6,₹802,"₹2,199",63% off
Vali Neckband Wireless With Mic Headphones Bluetooth Headset without Mic,3.9,₹908,"₹1,599",43% off
pervious A11 Bluetooth Headset,4,₹229,₹499,54% off
GLINK P47 Wireless Bluetooth Headphone with Mic &FM (White) Bluetooth Headset,4,₹566,"₹1,199",52% off
"i-FiX Beats For 7, 8, X, 11, 12 Wired Headset",3.7,₹549,"₹2,249",75% off
Deparq Samsung Galaxy M51/M31S/M21/M31/M11/M01 Wired Headset Wired Headset,3.2,₹299,₹999,70% off
MAXOBULL Leather TPU Wire Unbrekable Wired Bluetooth headphone bt-24 Wired Headset without Mic,3.5,₹511,"₹1,699",69% off
ATARC Best Earphone For PUBG and all other game Wired Headset Gaming Headphone,3.7,₹333,₹999,66% off
Helokuki Re_alme Narzo 10A / X2 Pro / XT / X2 / X Wired Headset,3.8,₹286,₹999,71% off
GLINK P47 Wireless Headphone Bluetooth Headset with Mic (Blue) Bluetooth Headset,3.8,₹586,"₹1,199",51% off
QOR9 WAVEBASS Bluetooth Headset,3.7,"₹1,899","₹2,999",36% off
Deparq Re_alme 7i / 7 Pro / 7 Wired Headset,3.5,₹299,₹999,70% off
YOMAGIC Magic Gift-K1 PO2 BLK Bluetooth Headset,3.8,₹327,"₹1,599",79% off
Envent Musique BT ET-SP41128 Multimedia 20 W Portable Bluetooth Home Theatre,3.4,"₹1,999","₹3,499",42% off
Naitikul IP1521 Wired Headset,3.5,₹236,₹999,76% off
Hammer STING Bluetooth Headset,4,"₹1,349","₹5,495",75% off
Helokuki Sa_msung Galaxy M21 / M31 / M30s / A50 / A31 / A51 / A21s Wired Headset without Mic,3.7,₹293,₹999,70% off
Chappie Moustache Redmi Note 8 Pro/ Note8/ 8 Wired Headset,3.4,₹299,₹999,70% off
Deparq Red_mi Note 9 Pro Max / Note 9 Pro / Note 9 / 9 Prime / 9 Wired Headset,3.6,₹299,₹999,70% off
Vali 65 hours music Neckband Wireless With Mic Headphones Bluetooth Headset,4.6,"₹1,237","₹1,899",34% off
Deparq V_IVO U20 / Y 20 / V19 / S1 Pro / Z1 x / Y11 / Y15 Wired Headset,4.2,₹299,₹999,70% off
CELESTECH Earphone BT800 Bluetooth Headset,3.8,₹949,"₹1,999",52% off
